x,y,q,F_net,F_x,F_y,Angle
0,4,-6e-06,0.0171301,0.00258854,-0.0169334,-1.4191
0,0,4e-06,0.0156714,-0.00798933,0.013482,2.10575
3,0,2e-06,0.00640942,0.00540079,0.00345139,0.568641
